date,nav,benchmark_nav
2019-12-30,9990.4000,10000.0000
2019-12-31,10069.8881,10024.2924
2020-01-02,10086.4511,10118.0382
2020-01-03,10019.9879,10041.4210
2020-01-06,9996.5190,10079.7311
2020-01-07,9987.5178,10051.3909
2020-01-08,9996.0106,10104.9617
2020-01-09,9937.5535,10173.4780
2020-01-10,9918.9163,10144.1985
2020-01-13,9970.9047,10213.9660
2020-01-14,9997.2958,10198.3934
2020-01-15,9968.1176,10221.4429
2020-01-16,10053.1620,10306.4648
2020-01-17,10014.3180,10338.5451
2020-01-21,9897.2664,10318.2974
2020-01-22,9868.2677,10319.5465
2020-01-23,9832.2178,10331.3833
2020-01-24,9701.0468,10239.5044
2020-01-27,9531.7340,10075.3702
2020-01-28,9634.5345,10180.9518
2020-01-29,9644.5064,10172.5440
2020-01-30,9624.2015,10205.5562
2020-01-31,9455.6891,10020.2404
2020-02-03,9516.4741,10094.6808
2020-02-04,9660.4647,10248.5372
2020-02-05,9832.5856,10366.8854
2020-02-06,9757.5380,10401.7707
2020-02-07,9638.7516,10346.3340
2020-02-10,9677.8568,10423.5690
2020-02-11,9777.8848,10441.6326
2020-02-12,9880.2137,10508.9071
2020-02-13,9875.2935,10497.6964
2020-02-14,9836.4047,10514.5109
2020-02-18,9743.6907,10487.4207
2020-02-19,9772.8087,10537.5625
2020-02-20,9815.5705,10494.2684
2020-02-21,9731.6763,10386.1980
2020-02-24,9384.9049,10041.7330
2020-02-25,9017.8890,9737.4481
2020-02-26,8881.6686,9701.6309
2020-02-27,8572.7444,9265.9152
2020-02-28,8536.5408,9226.9841
2020-03-02,8766.1255,9626.5727
2020-03-03,8552.9101,9350.9402
2020-03-04,8754.3241,9743.9911
2020-03-05,8399.9945,9420.0805
2020-03-06,8162.8667,9264.3582
2020-03-09,7224.1274,8540.8611
2020-03-10,7470.3829,8982.8068
2020-03-11,7047.4979,8544.9095
2020-03-12,6114.1440,7727.3566
2020-03-13,6513.4574,8387.9423
2020-03-16,5825.9305,7470.1012
2020-03-17,5921.6189,7873.4273
2020-03-18,5345.9802,7474.7721
2020-03-19,5594.9714,7490.6567
2020-03-20,5540.4672,7167.8523
2020-03-23,5314.6804,6984.5833
2020-03-24,5844.7589,7617.4095
2020-03-25,6093.5883,7731.4440
2020-03-26,6384.2384,8182.8812
2020-03-27,6162.8117,7939.1490
2020-03-30,6205.8442,8196.9780
2020-03-31,6108.7415,8074.7999
2020-04-01,5468.4358,7711.3924
2020-04-02,5400.5310,7889.3369
2020-04-03,5271.8392,7775.3049
2020-04-06,5911.0422,8297.5413
2020-04-07,6187.2693,8305.9995
2020-04-08,6611.1664,8584.8213
2020-04-09,6989.3961,8715.4566
2020-04-13,6690.5961,8635.8841
2020-04-14,6761.6835,8890.5815
2020-04-15,6380.6402,8701.6739
2020-04-16,6160.5596,8743.6518
2020-04-17,6644.5711,8979.8665
2020-04-20,6401.3580,8821.6575
2020-04-21,6186.0439,8553.8040
2020-04-22,6207.3752,8743.6518
2020-04-23,6315.1682,8743.0247
2020-04-24,6404.0644,8864.8913
2020-04-27,6772.0123,8992.7091
2020-04-28,7094.2190,8951.3578
2020-04-29,7707.8967,9185.6900
2020-04-30,7468.7371,9100.1668
2020-05-01,6913.2461,8859.2563
2020-05-04,6975.5590,8883.6901
2020-05-05,6787.9523,8965.7708
2020-05-06,6562.7345,8904.9924
2020-05-07,6787.1067,9012.4481
2020-05-08,7188.2682,9161.5661
2020-05-11,6936.1715,9163.4475
2020-05-12,6673.8422,8980.8067
2020-05-13,6323.3793,8821.9737
2020-05-14,6463.0439,8927.5500
2020-05-15,6487.1647,8968.5872
2020-05-18,7153.8149,9241.7673
2020-05-19,6991.2147,9146.8442
2020-05-20,7174.7484,9302.2285
2020-05-21,7244.8692,9238.0065
2020-05-22,7168.0864,9255.5511
2020-05-26,7732.4309,9369.5872
2020-05-27,8202.1863,9508.9953
2020-05-28,7822.7849,9491.4538
2020-05-29,7571.7733,9533.7453
2020-06-01,7885.8466,9572.2791
2020-06-02,8076.1688,9651.5370
2020-06-03,8571.9587,9779.9799
2020-06-04,8803.7045,9754.2938
2020-06-05,9556.0474,10004.2923
2020-06-08,10253.3569,10125.2177
2020-06-09,9740.1912,10049.7195
2020-06-10,8997.0914,9993.6411
2020-06-11,7993.2321,9417.5168
2020-06-12,8495.8631,9530.2986
2020-06-15,8542.4994,9619.2706
2020-06-16,8840.2024,9804.4179
2020-06-17,8490.4720,9763.6937
2020-06-18,8536.7173,9767.4535
2020-06-19,8330.8428,9711.6310
2020-06-22,8317.4180,9773.9341
2020-06-23,8372.7032,9818.9307
2020-06-24,7795.7401,9568.4632
2020-06-25,7867.3292,9671.0421
2020-06-26,7589.9607,9441.3401
2020-06-29,7964.9003,9580.1044
2020-06-30,8102.5446,9702.8228
2020-07-01,7958.9895,9770.7879
2020-07-02,7992.7391,9824.5948
2020-07-06,8076.6021,9976.2599
2020-07-07,7788.2846,9873.3668
2020-07-08,7937.8198,9948.8868
2020-07-09,7627.7890,9892.2458
2020-07-10,7955.6091,9993.2511
2020-07-13,7913.1647,9906.7181
2020-07-14,7979.1726,10035.0996
2020-07-15,8453.0658,10127.2978
2020-07-16,8338.4416,10093.9434
2020-07-17,8195.4407,10123.2052
2020-07-20,8034.6045,10205.0174
2020-07-21,8304.0023,10226.7316
2020-07-22,8266.5788,10284.9410
2020-07-23,8293.6572,10162.2226
2020-07-24,8134.0464,10096.7723
2020-07-27,8036.9979,10170.4046
2020-07-28,8037.5500,10105.8988
2020-07-29,8223.0621,10230.1887
2020-07-30,8008.1677,10193.6882
2020-07-31,7919.7106,10274.2389
2020-08-03,7934.1254,10345.6715
2020-08-04,8025.0496,10385.6302
2020-08-05,8213.6092,10450.1350
2020-08-06,8136.1347,10519.9878
2020-08-07,8407.8107,10527.5427
2020-08-10,8750.0854,10559.0104
2020-08-11,8818.0908,10471.8470
2020-08-12,8850.9707,10617.8501
2020-08-13,8685.9705,10598.6539
2020-08-14,8815.7511,10598.9711
2020-08-17,8761.9684,10632.6385
2020-08-18,8550.2193,10655.6069
2020-08-19,8516.8756,10611.2447
2020-08-20,8405.5803,10644.2787
2020-08-21,8334.1963,10682.0398
2020-08-24,8742.4697,10790.2828
2020-08-25,8737.4377,10828.0407
2020-08-26,8652.4257,10936.5999
2020-08-27,8773.2610,10960.5117
2020-08-28,8952.6962,11031.3109
2020-08-31,8744.0134,10991.3501
2020-09-01,8776.7498,11094.8724
2020-09-02,8880.2358,11255.3456
2020-09-03,8859.0830,10868.0056
2020-09-04,9054.6829,10779.2708
2020-09-08,8790.3849,10484.7488
2020-09-09,8723.1996,10691.7944
2020-09-10,8579.1177,10506.1447
2020-09-11,8616.9323,10511.4937
2020-09-14,8933.9581,10649.9459
2020-09-15,8787.8365,10703.7518
2020-09-16,8968.5626,10661.2710
2020-09-17,8949.2169,10567.5024
2020-09-18,8803.7605,10445.8437
2020-09-21,8322.6735,10329.5871
2020-09-22,8320.3353,10434.7870
2020-09-23,8091.9413,10192.7938
2020-09-24,8096.1653,10219.9619
2020-09-25,8236.7673,10385.1861
2020-09-28,8474.3262,10557.6781
2020-09-29,8265.6756,10500.1811
2020-09-30,8310.4296,10579.7937
2020-10-01,8341.6316,10647.7161
2020-10-02,8502.7776,10546.6203
2020-10-05,8674.5894,10733.6428
2020-10-06,8581.5933,10581.0573
2020-10-07,8824.6863,10765.2384
2020-10-08,9080.9044,10860.6462
2020-10-09,8936.6757,10957.6318
2020-10-12,8959.5062,11133.9147
2020-10-13,8703.6352,11061.2528
2020-10-14,8673.9229,10991.7495
2020-10-15,8804.7364,10978.1696
2020-10-16,8713.6246,10971.5299
2020-10-19,8569.9262,10804.7280
2020-10-20,8778.0517,10848.0075
2020-10-21,8770.6095,10827.4728
2020-10-22,9087.7251,10886.8669
2020-10-23,9176.0259,10923.8250
2020-10-26,8817.9713,10721.9537
2020-10-27,8610.7528,10684.9945
2020-10-28,8233.0753,10319.7930
2020-10-29,8443.5061,10424.6777
2020-10-30,8459.1092,10316.0010
2020-11-02,8674.3158,10431.6273
2020-11-03,8940.4479,10615.8105
2020-11-04,8635.0240,10853.0622
2020-11-05,8863.7646,11064.7287
2020-11-06,8689.0634,11062.2024
2020-11-09,10196.7914,11201.2059
2020-11-10,10261.9309,11184.7773
2020-11-11,9960.0732,11267.8615
2020-11-12,9612.9470,11158.5535
2020-11-13,10126.0579,11313.0412
2020-11-16,10654.2066,11454.2569
2020-11-17,10839.6428,11392.6496
2020-11-18,10706.8452,11255.5453
2020-11-19,10825.3607,11302.9288
2020-11-20,10670.0778,11225.5295
2020-11-23,11276.8390,11292.8196
2020-11-24,11806.1803,11474.7906
2020-11-25,11712.2359,11457.0983
2020-11-27,11658.7537,11489.0080
2020-11-30,11118.3204,11438.1424
2020-12-01,11389.7589,11563.2477
2020-12-02,11689.2782,11587.5713
2020-12-03,11876.5340,11584.4138
2020-12-04,12314.6692,11684.2449
2020-12-07,12090.7962,11660.2333
2020-12-08,12130.5184,11694.3541
2020-12-09,12187.4764,11589.4694
2020-12-10,12302.2347,11585.6774
2020-12-11,12068.8525,11572.0933
2020-12-14,11756.8236,11520.2823
2020-12-15,12078.4885,11676.0306
2020-12-16,11945.9889,11694.3541
2020-12-17,11923.7267,11759.7482
2020-12-18,11788.4968,11712.7921
2020-12-21,11645.1257,11670.9135
2020-12-22,11549.9291,11651.2462
2020-12-23,11960.1561,11661.7153
2020-12-24,11884.3474,11707.0823
2020-12-28,12001.0177,11807.6539
2020-12-29,11880.9298,11785.1275
2020-12-30,12090.2107,11801.9461
2020-12-31,12061.8961,11861.9070
2021-01-04,11890.5110,11700.4207
2021-01-05,12168.0295,11781.0037
2021-01-06,12732.5056,11851.4368
2021-01-07,12685.9792,12027.5211
2021-01-08,12576.9210,12096.0510
2021-01-11,12590.8727,12014.5133
2021-01-12,12965.0960,12017.0520
2021-01-13,12907.8413,12049.4121
2021-01-14,13231.4031,12007.2152
2021-01-15,12990.7476,11919.6504
2021-01-19,13099.4974,12013.2434
2021-01-20,13087.1519,12179.4920
2021-01-21,12858.7330,12190.5924
2021-01-22,12875.1114,12147.4460
2021-01-25,12870.7685,12195.3527
2021-01-26,12793.9530,12176.3198
2021-01-27,12976.6760,11878.7214
2021-01-28,12914.0708,11980.8833
2021-01-29,12477.7310,11741.0294
2021-02-01,12627.5833,11936.4649
2021-02-02,12733.1709,12105.2481
2021-02-03,13060.3818,12114.7697
2021-02-04,13194.2568,12252.4597
2021-02-05,13212.5105,12300.6857
2021-02-08,13589.8086,12389.5214
2021-02-09,13403.0750,12381.2686
2021-02-10,13499.0250,12375.8770
2021-02-11,13463.3784,12395.8667
2021-02-12,13621.8167,12457.0975
2021-02-16,13994.3179,12446.3111
2021-02-17,13997.8825,12449.1650
2021-02-18,13773.0791,12396.1829
2021-02-19,14241.1637,12374.2930
2021-02-22,14655.5083,12279.1109
2021-02-23,14925.1783,12294.0231
2021-02-24,15273.7720,12429.4946
2021-02-25,14767.0854,12129.9981
2021-02-26,14640.9936,12067.4954
2021-03-01,14972.8332,12360.0121
2021-03-02,14932.5551,12263.5663
2021-03-03,15291.2580,12101.1254
2021-03-04,15194.9284,11951.3771
2021-03-05,15465.7344,12171.2402
2021-03-08,15744.3724,12110.6439
2021-03-09,15549.3953,12283.5550
2021-03-10,15877.4371,12360.0121
2021-03-11,16033.0845,12485.3369
2021-03-12,16359.5331,12502.1503
2021-03-15,16567.8886,12576.7041
2021-03-16,16112.0451,12560.8413
2021-03-17,16223.3025,12603.6736
2021-03-18,15719.0980,12420.2964
2021-03-19,15805.8552,12397.3134
2021-03-22,15415.1913,12496.3052
2021-03-23,14806.8739,12397.9499
2021-03-24,14767.0475,12334.9241
2021-03-25,15188.3715,12404.3161
2021-03-26,15417.9560,12604.2071
2021-03-29,15122.5314,12597.8451
2021-03-30,15343.2226,12564.4211
2021-03-31,15218.5459,12615.3502
2021-04-01,15418.1929,12751.5861
2021-04-05,15598.6898,12934.6086
2021-04-06,15608.4080,12926.9736
2021-04-07,15536.6153,12941.9316
2021-04-08,15527.7644,13003.3652
2021-04-09,15622.6840,13097.9025
2021-04-12,15682.2373,13102.6752
2021-04-13,15523.2329,13141.5086
2021-04-14,15619.8851,13096.6294
2021-04-15,15717.9748,13237.3157
2021-04-16,15804.7934,13281.5635
2021-04-19,15747.2007,13216.3088
2021-04-20,15474.4504,13119.5469
2021-04-21,15699.6226,13243.6850
2021-04-22,15562.9870,13122.7263
2021-04-23,15818.2523,13265.0091
2021-04-26,15831.5860,13292.7025
2021-04-27,15868.3205,13289.8392
2021-04-28,15837.4685,13286.0201
2021-04-29,15924.1028,13370.6894
2021-04-30,15730.4251,13282.8334
2021-05-03,15897.0999,13311.4826
2021-05-04,15921.9070,13229.3625
2021-05-05,15882.8535,13233.5008
2021-05-06,16104.4666,13339.1749
2021-05-07,16217.3285,13436.2593
2021-05-10,16128.0044,13303.2059
2021-05-11,15932.1644,13184.4792
2021-05-12,15463.1975,12904.3703
2021-05-13,15822.8999,13059.3863
2021-05-14,16051.8793,13259.9170
2021-05-17,16012.9825,13226.1768
2021-05-18,15835.6099,13112.2250
2021-05-19,15745.6227,13077.8472
2021-05-20,15761.0948,13218.5366
2021-05-21,15857.6824,13207.7149
2021-05-24,15946.9390,13342.3585
2021-05-25,15728.3363,13312.7556
2021-05-26,15900.1560,13339.1749
2021-05-27,15981.6175,13346.1755
2021-05-28,15974.4335,13370.0509
2021-06-01,16179.1403,13358.2744
2021-06-02,16105.4722,13379.2823
2021-06-03,16125.6735,13329.6273
2021-06-04,16107.1756,13451.5376
2021-06-07,16094.3129,13438.4850
2021-06-08,16202.3892,13441.3503
2021-06-09,16155.2897,13421.2982
2021-06-10,16086.5342,13483.6865
2021-06-11,16206.4648,13505.9675
2021-06-14,16062.3802,13536.2069
2021-06-15,16062.9358,13511.3757
2021-06-16,16040.5486,13435.9410
2021-06-17,15690.8998,13431.4844
2021-06-18,15290.7452,13250.2862
2021-06-21,15633.8234,13439.9764
2021-06-22,15631.0309,13511.8302
2021-06-23,15640.4058,13495.5462
2021-06-24,15851.4143,13575.3782
2021-06-25,15939.7732,13623.6042
2021-06-28,15780.0599,13651.0677
2021-06-29,15754.0096,13658.4105
2021-06-30,15903.6572,13669.9082
2021-07-01,16007.6552,13745.5915
2021-07-02,15944.7807,13850.6572
2021-07-06,15720.7508,13825.4256
2021-07-07,15759.7942,13874.2892
2021-07-08,15467.5571,13761.2411
2021-07-09,15800.4414,13908.1396
2021-07-12,15873.4671,13957.9548
2021-07-13,15627.4173,13910.3736
2021-07-14,15606.9161,13931.1309
2021-07-15,15596.5413,13883.5497
2021-07-16,15427.1889,13774.6546
2021-07-19,15030.9183,13571.2305
2021-07-20,15396.5363,13765.7102
2021-07-21,15569.5318,13877.1628
2021-07-22,15369.6530,13906.2228
2021-07-23,15512.5533,14049.2918
2021-07-26,15550.1577,14083.7767
2021-07-27,15572.1361,14019.5922
2021-07-28,15632.7769,14013.8387
2021-07-29,15748.2712,14071.9628
2021-07-30,15700.7825,14003.6244
2021-08-02,15629.1735,13974.2420
2021-08-03,15802.4143,14087.9307
2021-08-04,15601.2634,14018.6312
2021-08-05,15740.5291,14107.4118
2021-08-06,15913.5967,14130.7235
2021-08-09,15888.8393,14119.2268
2021-08-10,16008.8667,14136.7901
2021-08-11,16231.7321,14171.9167
2021-08-12,16183.6040,14214.3891
2021-08-13,16166.5750,14240.2582
2021-08-16,16114.4332,14273.7873
2021-08-17,16005.2529,14180.2214
2021-08-18,15858.3833,14025.0192
2021-08-19,15716.3990,14046.7354
2021-08-20,15884.4775,14158.5073
2021-08-23,15959.6757,14283.0521
2021-08-24,15971.1551,14305.7262
2021-08-25,16086.7060,14335.7440
2021-08-26,15900.8556,14251.1174
2021-08-27,16220.9310,14378.5358
2021-08-30,16100.9084,14441.7645
2021-08-31,16141.2481,14420.3717
2021-09-01,16134.5196,14428.0327
2021-09-02,16201.9574,14472.4241
2021-09-03,16132.3518,14468.9087
2021-09-07,15946.6001,14417.1756
2021-09-08,15907.8377,14399.6124
2021-09-09,15818.0657,14337.9791
2021-09-10,15676.6878,14224.9310
2021-09-13,15786.6848,14261.3338
2021-09-14,15559.2675,14184.3744
2021-09-15,15723.1517,14302.8504
2021-09-16,15630.3799,14280.1794
2021-09-17,15533.3507,14141.0719
2021-09-20,15274.4737,13905.2816
2021-09-21,15180.7319,13892.1468
2021-09-22,15336.1301,14027.6630
2021-09-23,15565.4179,14198.0999
2021-09-24,15624.0992,14221.4854
2021-09-27,15906.0306,14180.7997
2021-09-28,15665.7796,13895.0308
2021-09-29,15759.2355,13918.4163
2021-09-30,15483.8550,13748.3019
2021-10-01,15685.0443,13911.6862
2021-10-04,15686.0364,13732.2820
2021-10-05,15818.7185,13875.1670
2021-10-06,15851.7142,13932.8324
2021-10-07,15987.3051,14053.2908
2021-10-08,15985.0482,14027.6630
2021-10-11,15914.2991,13926.1064
2021-10-12,15951.9683,13891.8254
2021-10-13,15960.0118,13941.8039
2021-10-14,16128.9341,14176.3140
2021-10-15,16181.2920,14284.2762
2021-10-18,16126.7626,14326.5666
2021-10-19,16114.5033,14437.0947
2021-10-20,16275.3217,14493.7991
2021-10-21,16275.5145,14531.6018
2021-10-22,16328.2055,14516.5439
2021-10-25,16424.0055,14594.3947
2021-10-26,16332.3354,14607.5295
2021-10-27,16061.1669,14542.8156
2021-10-28,16257.4850,14683.1347
2021-10-29,16211.3182,14712.9290
2021-11-01,16518.2682,14738.2396
2021-11-02,16499.9905,14797.8281
2021-11-03,16815.7063,14888.1740
2021-11-04,16522.4431,14958.3325
2021-11-05,16831.3828,15010.2310
2021-11-08,16797.5437,15023.0475
2021-11-09,16741.2402,14973.3935
2021-11-10,16735.1904,14852.9320
2021-11-11,16810.3937,14857.7370
2021-11-12,16850.8364,14969.8646
2021-11-15,16962.5921,14974.9920
2021-11-16,16935.5819,15034.2592
2021-11-17,16819.7282,14997.7389
2021-11-18,16791.0629,15048.6784
2021-11-19,16681.6843,15021.7682
2021-11-22,16838.1327,14979.4788
2021-11-23,16966.6891,14999.3396
2021-11-24,16884.5435,15039.3866
2021-11-26,16357.1684,14703.9596
2021-11-29,16326.3180,14884.3279
2021-11-30,15962.9315,14594.7161
2021-12-01,15924.2878,14432.6068
2021-12-02,16336.6386,14653.6629
2021-12-03,16226.7287,14526.1550
2021-12-06,16530.1173,14698.1967
2021-12-07,16680.0376,15002.2247
2021-12-08,16718.4842,15041.9493
2021-12-09,16634.8212,14940.3917
2021-12-10,16677.8455,15081.0322
2021-12-13,16549.1375,14947.4422
2021-12-14,16577.4290,14844.6043
2021-12-15,16786.4659,15076.5476
2021-12-16,16728.3737,14943.5971
2021-12-17,16595.8332,14784.5519
2021-12-20,16346.2659,14627.3434
2021-12-21,16674.8818,14887.1080
2021-12-22,16812.1544,15035.9628
2021-12-23,16930.3815,15129.5162
2021-12-27,17149.2595,15343.6330
2021-12-28,17203.2975,15331.0911
2021-12-29,17255.9112,15350.7053
2021-12-30,17212.4524,15308.2662
2021-12-31,17221.1608,15269.6876
2022-01-03,17442.6488,15358.0990
2022-01-04,17725.7658,15352.9539
2022-01-05,17486.6333,15058.1460
2022-01-06,17698.4211,15043.9982
2022-01-07,17743.3928,14984.5230
2022-01-10,17632.6575,14965.8781
2022-01-11,17655.9385,15102.1910
2022-01-12,17605.7726,15143.0191
2022-01-13,17714.6837,14934.3678
2022-01-14,17704.3847,14940.4801
2022-01-18,17345.7324,14675.8908
2022-01-19,17065.3934,14523.4977
2022-01-20,16717.5301,14362.7520
2022-01-21,16476.7111,14080.8043
2022-01-24,16672.3108,14140.6008
2022-01-25,16494.4048,13967.9580
2022-01-26,16409.6994,13932.9156
2022-01-27,16251.4025,13864.1154
2022-01-28,16437.1769,14208.4348
2022-01-31,16660.0812,14464.3450
2022-02-01,16735.8209,14562.0804
2022-02-02,16789.5042,14703.5384
2022-02-03,16576.0949,14357.9283
2022-02-04,16620.0646,14425.4461
2022-02-07,16630.7509,14379.1484
2022-02-08,16895.8960,14497.4591
2022-02-09,16980.7886,14709.6466
2022-02-10,16773.7759,14445.3786
2022-02-11,16773.8557,14160.5323
2022-02-14,16744.3753,14114.2366
2022-02-15,17070.7370,14341.8574
2022-02-16,17188.1534,14357.9283
2022-02-17,16971.8599,14051.2274
2022-02-18,16929.5213,13960.2429
2022-02-22,16701.6007,13810.4250
2022-02-23,16339.8121,13565.4478
2022-02-24,16417.3702,13769.5948
2022-02-25,16887.9500,14073.4085
2022-02-28,16897.9205,14037.4010
2022-03-01,16508.9050,13823.6076
2022-03-02,17047.2070,14077.9109
2022-03-03,17042.8088,14007.8230
2022-03-04,16959.7694,13894.0147
2022-03-07,16483.4174,13484.4322
2022-03-08,16502.6420,13382.1965
2022-03-09,16793.0675,13740.9830
2022-03-10,16804.0776,13678.9358
2022-03-11,16728.9840,13505.0054
2022-03-14,16764.0263,13406.3069
2022-03-15,16845.4011,13701.1180
2022-03-16,17182.8583,14004.9286
2022-03-17,17288.8854,14180.1455
2022-03-18,17359.5120,14335.4559
2022-03-21,17362.3558,14331.2656
2022-03-22,17431.9623,14498.9588
2022-03-23,17077.7514,14312.2379
2022-03-24,17255.3848,14527.9824
2022-03-25,17450.5138,14598.9324
2022-03-28,17389.1821,14702.7771
2022-03-29,17616.8564,14884.6618
2022-03-30,17447.4286,14792.7506
2022-03-31,17272.3294,14565.0726
2022-04-01,17265.5800,14606.3511
2022-04-04,17236.1922,14731.4782
2022-04-05,16889.8171,14545.4001
2022-04-06,16490.8119,14399.9545
2022-04-07,16378.5121,14472.5156
2022-04-08,16368.9948,14433.8164
2022-04-11,16248.7278,14187.1097
2022-04-12,16284.7841,14134.5446
2022-04-13,16564.4088,14296.4333
2022-04-14,16523.5800,14118.4207
2022-04-18,16724.1075,14124.2242
2022-04-19,17088.9447,14352.2288
2022-04-20,17284.1400,14341.5829
2022-04-21,16936.5444,14127.1280
2022-04-22,16514.9822,13739.4906
2022-04-25,16487.1454,13819.1468
2022-04-26,16002.7425,13418.9321
2022-04-27,16071.4558,13456.6619
2022-04-28,16418.3689,13796.5715
2022-04-29,15928.0462,13286.7087
2022-05-02,16045.4973,13366.6884
2022-05-03,16261.2623,13427.9607
2022-05-04,16782.1826,13836.8807
2022-05-05,16322.0673,13345.0803
2022-05-06,16182.1694,13265.4272
2022-05-09,15805.8464,12840.7016
2022-05-10,15685.7367,12870.3732
2022-05-11,15398.6921,12665.9111
2022-05-12,15432.4326,12652.6900
2022-05-13,15807.1870,12955.1881
2022-05-16,15755.8189,12902.6199
2022-05-17,16293.1675,13168.0329
2022-05-18,15683.3907,12637.2079
2022-05-19,15617.7523,12559.8085
2022-05-20,15456.2345,12565.2916
2022-05-23,15716.4018,12800.3904
2022-05-24,15594.7311,12702.6737
2022-05-25,15921.3334,12814.9032
2022-05-26,16307.7265,13070.9631
2022-05-27,16602.3365,13391.8451
2022-05-31,16473.0821,13316.7005
2022-06-01,16410.0349,13208.9879
2022-06-02,16710.0863,13460.5340
2022-06-03,16577.7180,13239.6257
2022-06-06,16727.9761,13279.9369
2022-06-07,16938.4780,13407.3220
2022-06-08,16562.9924,13261.5541
2022-06-09,16301.8973,12946.1542
2022-06-10,15840.8347,12570.7748
2022-06-13,15072.4000,12093.4852
2022-06-14,15109.0455,12057.0450
2022-06-15,15250.8923,12228.9317
2022-06-16,14524.7794,11824.2052
2022-06-17,14544.6800,11849.6916
2022-06-21,14814.8378,12147.9930
2022-06-22,14648.5139,12125.9679
2022-06-23,14602.0754,12244.8351
2022-06-24,15116.9709,12634.1460
2022-06-27,15190.2185,12585.8887
2022-06-28,15069.7470,12328.7222
2022-06-29,14826.1955,12318.6806
2022-06-30,14750.1609,12218.6009
2022-07-01,14651.1297,12347.8311
2022-07-05,14620.8183,12371.1510
2022-07-06,14454.5551,12412.9318
2022-07-07,14813.5973,12598.8436
2022-07-08,14796.5537,12588.4785
2022-07-11,14687.5826,12444.6741
2022-07-12,14785.6027,12334.5496
2022-07-13,14710.9806,12269.7733
2022-07-14,14512.4380,12239.9760
2022-07-15,14826.6533,12473.8215
2022-07-18,14830.6261,12370.8276
2022-07-19,15366.0067,12705.0772
2022-07-20,15610.4211,12786.0481
2022-07-21,15707.4808,12916.2528
2022-07-22,15559.5099,12796.4132
2022-07-25,15560.7996,12811.9609
2022-07-26,15302.5645,12660.3822
2022-07-27,15708.3288,12989.1259
2022-07-28,15940.5122,13152.0380
2022-07-29,16138.3130,13343.7803
2022-08-01,16269.0844,13304.2657
2022-08-02,16069.2203,13216.4929
2022-08-03,16345.1005,13423.4573
2022-08-04,16293.1426,13414.3892
2022-08-05,16239.7030,13391.7151
2022-08-08,16386.4636,13376.1695
2022-08-09,16065.9313,13323.0531
2022-08-10,16681.6497,13602.8865
2022-08-11,16861.8540,13602.8865
2022-08-12,17137.1884,13833.1708
2022-08-15,17120.5665,13890.1769
2022-08-16,17328.9922,13917.3846
2022-08-17,17072.7287,13818.5956
2022-08-18,17162.8838,13858.7581
2022-08-19,16747.9705,13672.5260
2022-08-22,16259.4154,13387.8305
2022-08-23,16354.2016,13355.4413
2022-08-24,16321.1935,13398.1914
2022-08-25,16634.8354,13587.3440
2022-08-26,16030.8645,13127.4263
2022-08-29,15851.6391,13040.6249
2022-08-30,15660.4085,12897.4664
2022-08-31,15495.2195,12799.3275
2022-09-01,15312.4971,12839.4910
2022-09-02,15267.6877,12704.1048
2022-09-06,15124.8955,12656.1711
2022-09-07,15386.1100,12883.5381
2022-09-08,15483.2168,12967.7477
2022-09-09,15810.5717,13169.2050
2022-09-12,16008.2475,13310.7463
2022-09-13,15252.7936,12731.9604
2022-09-14,15221.0657,12780.5421
2022-09-15,15214.7801,12635.4429
2022-09-16,15096.2728,12539.0481
2022-09-19,15269.4291,12636.2885
2022-09-20,14911.0214,12491.2412
2022-09-21,14752.2035,12273.3459
2022-09-22,14428.8917,12170.2522
2022-09-23,14114.4673,11966.3403
2022-09-26,13842.7868,11847.9620
2022-09-27,13826.7402,11817.7184
2022-09-28,14144.8443,12050.2472
2022-09-29,13781.7072,11798.5306
2022-09-30,13598.2656,11616.0832
2022-10-03,14040.1385,11922.7623
2022-10-04,14632.6579,12292.2093
2022-10-05,14574.4112,12263.5903
2022-10-06,14423.6303,12137.0798
2022-10-07,13993.3102,11798.5306
2022-10-10,13880.4136,11708.4458
2022-10-11,13807.2393,11634.2955
2022-10-12,13749.7423,11595.9188
2022-10-13,14170.2394,11901.9478
2022-10-14,13860.3947,11630.7177
2022-10-17,14185.4889,11929.5923
2022-10-18,14361.5257,12069.7596
2022-10-19,14052.6287,11984.2281
2022-10-20,13979.3569,11883.7376
2022-10-21,14348.3935,12172.5288
2022-10-24,14466.7233,12321.4773
2022-10-25,14805.0097,12518.2336
2022-10-26,14768.1892,12423.9199
2022-10-27,14807.5247,12357.5763
2022-10-28,15283.2277,12651.5720
2022-10-31,15163.9620,12560.1840
2022-11-01,15212.5655,12505.2247
2022-11-02,14814.3326,12191.3901
2022-11-03,14657.6001,12065.8573
2022-11-04,15127.6885,12239.5246
2022-11-07,15262.4831,12356.6018
2022-11-08,15457.6488,12423.2699
2022-11-09,15059.8076,12167.3265
2022-11-10,16360.9362,12835.9694
2022-11-11,16879.5696,12960.2042
2022-11-14,16584.7900,12849.9549
2022-11-15,16665.2481,12959.5521
2022-11-16,16229.4507,12860.6851
2022-11-17,16181.2494,12821.3338
2022-11-18,16244.8728,12879.5485
2022-11-21,16173.7458,12832.7172
2022-11-22,16524.1973,13005.4068
2022-11-23,16634.9725,13087.3616
2022-11-25,16649.0298,13084.4369
2022-11-28,16342.4147,12875.6462
2022-11-29,16450.9106,12853.5317
2022-11-30,16878.6810,13258.4256
2022-12-01,16822.5366,13248.6720
2022-12-02,16746.0146,13233.3843
2022-12-05,16389.9579,12995.3256
2022-12-06,16220.0731,12808.0004
2022-12-07,16187.9870,12786.2125
2022-12-08,16297.7920,12886.3774
2022-12-09,16157.5515,12790.1137
2022-12-12,16389.4051,12974.5132
2022-12-13,16581.6425,13072.7281
2022-12-14,16447.8424,12989.1467
2022-12-15,15993.6589,12671.4109
2022-12-16,15754.0559,12521.8103
2022-12-19,15550.2146,12415.6297
2022-12-20,15531.2628,12432.6189
2022-12-21,15809.7233,12618.5161
2022-12-22,15517.6175,12438.4993
2022-12-23,15674.9649,12510.0484
2022-12-27,15601.2053,12460.7148
2022-12-28,15293.7272,12305.8547
2022-12-29,15671.2870,12527.3652
2022-12-30,15626.5581,12494.3676
2023-01-03,15709.5632,12441.7672
2023-01-04,16001.8569,12537.8177
2023-01-05,15835.0682,12394.7206
2023-01-06,16269.8645,12678.9585
2023-01-09,16237.1414,12671.7697
2023-01-10,16371.3720,12760.6366
2023-01-11,16600.9919,12922.0292
2023-01-12,16817.8063,12969.0748
2023-01-13,16898.4691,13019.3902
2023-01-17,16927.3470,12995.5399
2023-01-18,16722.2556,12790.3654
2023-01-19,16568.2592,12697.2550
2023-01-20,17086.0212,12933.7932
2023-01-23,17388.6928,13088.9788
2023-01-24,17326.3545,13074.9299
2023-01-25,17414.2624,13079.8316
2023-01-26,17527.3633,13223.5819
2023-01-27,17538.3880,13253.9690
2023-01-30,17407.9180,13087.6715
2023-01-31,17869.8686,13280.1054
2023-02-01,18124.3782,13421.2420
2023-02-02,18547.2989,13616.6151
2023-02-03,18371.2934,13471.8820
2023-02-06,18039.8449,13389.5528
2023-02-07,18222.5814,13564.6689
2023-02-08,18060.0800,13416.3424
2023-02-09,17860.3096,13300.0327
2023-02-10,17859.4382,13331.0719
2023-02-13,18156.7801,13487.5638
2023-02-14,18157.9896,13481.3568
2023-02-15,18205.1699,13525.1356
2023-02-16,17904.2697,13338.9108
2023-02-17,17837.4365,13305.5887
2023-02-21,17219.1036,13038.6655
2023-02-22,17331.9172,13020.6976
2023-02-23,17526.8197,13089.9586
2023-02-24,17416.7508,12950.1282
2023-02-27,17432.9620,12994.2325
2023-02-28,17402.8244,12946.2083
2023-03-01,17415.0074,12896.5449
2023-03-02,17503.5708,12996.8462
2023-03-03,17657.7773,13205.2854
2023-03-06,17286.2774,13214.4347
2023-03-07,17016.7649,13011.8728
2023-03-08,17189.5934,13033.1116
2023-03-09,16729.4641,12792.6514
2023-03-10,16305.9875,12608.0626
2023-03-13,15755.6371,12590.0926
2023-03-14,16136.9819,12798.2032
2023-03-15,15851.6812,12718.1621
2023-03-16,16158.8774,12941.3055
2023-03-17,15739.0888,12789.9878
2023-03-20,15935.8324,12912.9683
2023-03-21,16183.6102,13082.5243
2023-03-22,15872.0160,12859.5130
2023-03-23,15625.1843,12894.2766
2023-03-24,15643.7195,12978.8876
2023-03-27,15763.7984,13003.1572
2023-03-28,15758.2073,12973.9713
2023-03-29,16083.1315,13162.5456
2023-03-30,16128.6464,13239.6163
2023-03-31,16356.6008,13426.2218
2023-04-03,16469.4198,13477.3849
2023-04-04,16085.7939,13402.6096
2023-04-05,16055.2359,13367.5194
2023-04-06,16044.2614,13419.6632
2023-04-10,16241.6531,13433.4376
2023-04-11,16477.9107,13437.0456
2023-04-12,16417.4129,13382.2766
2023-04-13,16531.9152,13560.0271
2023-04-14,16528.8269,13526.9078
2023-04-17,16608.4241,13575.4417
2023-04-18,16635.2785,13584.2977
2023-04-19,16637.2733,13582.0023
2023-04-20,16590.5850,13507.8874
2023-04-21,16456.2272,13518.3784
2023-04-24,16465.5577,13532.4814
2023-04-25,16018.7350,13317.6688
2023-04-26,15918.2886,13261.2608
2023-04-27,16105.9509,13525.2656
2023-04-28,16303.9157,13640.7057
2023-05-01,16190.3085,13626.9313
2023-05-02,15849.0892,13473.7780
2023-05-03,15716.7192,13381.2917
2023-05-04,15329.2208,13286.5142
2023-05-05,15849.7149,13532.4814
2023-05-08,15898.7765,13536.0883
2023-05-09,15874.2513,13476.7276
2023-05-10,15760.7891,13539.6963
2023-05-11,15660.3686,13516.0840
2023-05-12,15636.9371,13498.3720
2023-05-15,15847.2490,13544.9423
2023-05-16,15610.2000,13454.4269
2023-05-17,16000.7695,13617.7508
2023-05-18,16246.1459,13748.9332
2023-05-19,16166.9863,13728.9268
2023-05-22,16254.6052,13734.5015
2023-05-23,16201.1194,13580.3621
2023-05-24,16015.6597,13481.9757
2023-05-25,15955.4820,13598.7284
2023-05-26,16047.4626,13774.8397
2023-05-30,15989.3381,13780.0878
2023-05-31,15645.8114,13703.6744
2023-06-01,15843.6029,13833.8729
2023-06-02,16446.3192,14033.9262
2023-06-05,16196.7900,14007.0347
2023-06-06,16586.6077,14037.5331
2023-06-07,17006.8127,13988.9961
2023-06-08,16972.4644,14073.6082
2023-06-09,16857.7250,14098.8616
2023-06-12,16823.6681,14226.7626
2023-06-13,17040.5327,14320.5614
2023-06-14,16855.7961,14337.6140
2023-06-15,17093.3321,14515.3666
2023-06-16,17016.0843,14465.9248
2023-06-20,16940.8377,14390.8728
2023-06-21,16968.1820,14317.1365
2023-06-22,16798.5193,14368.8186
2023-06-23,16634.4702,14260.1897
2023-06-26,16746.5003,14201.9262
2023-06-27,16952.4597,14357.6256
2023-06-28,16983.6618,14364.8685
2023-06-29,17275.2778,14421.4856
2023-06-30,17317.8440,14591.6698
2023-07-03,17542.6296,14608.4582
2023-07-05,17356.0750,14586.7326
2023-07-06,17103.0886,14472.5083
2023-07-07,17442.6262,14435.9693
2023-07-10,17547.7049,14472.5083
2023-07-11,17857.0159,14564.6774
2023-07-12,18001.0806,14681.8627
2023-07-13,18158.9482,14798.3929
2023-07-14,17841.7025,14789.1749
2023-07-17,17956.4384,14840.5252
2023-07-18,18222.1592,14950.7984
2023-07-19,18436.0072,14984.0467
2023-07-20,18505.3862,14884.6358
2023-07-21,18509.6580,14884.6358
2023-07-24,18817.8117,14951.1271
2023-07-25,18926.6458,14991.9459
2023-07-26,19088.3267,14994.2506
2023-07-27,19039.5228,14894.8407
2023-07-28,19197.8299,15040.6659
2023-07-31,19314.1207,15069.3047
2023-08-01,19398.5825,15026.1822
2023-08-02,19185.1419,14817.1543
2023-08-03,19145.2878,14774.6923
2023-08-04,19326.7010,14707.8681
2023-08-07,19562.1690,14836.2454
2023-08-08,19486.9752,14771.7292
2023-08-09,19442.9102,14672.9766
2023-08-10,19312.7123,14678.2434
2023-08-11,19381.5290,14669.6838
2023-08-14,19222.2157,14750.6630
2023-08-15,18881.8260,14578.8345
2023-08-16,18745.8962,14471.8499
2023-08-17,18808.8406,14361.5778
2023-08-18,18846.2282,14368.4889
2023-08-21,18786.7631,14461.9757
2023-08-22,18603.6329,14422.8034
2023-08-23,18685.7560,14583.4399
2023-08-24,18616.1526,14381.3283
2023-08-25,18663.6476,14482.7133
2023-08-28,18844.5559,14574.5537
2023-08-29,19172.3763,14785.2227
2023-08-30,19167.3309,14846.1238
2023-08-31,19209.2420,14824.3972
2023-09-01,19529.9148,14852.0469
2023-09-05,19185.6381,14787.8561
2023-09-06,19133.1717,14688.4462
2023-09-07,18979.7492,14643.3508
2023-09-08,19111.9247,14665.4050
2023-09-11,19042.2883,14761.8539
2023-09-12,19174.8855,14680.8757
2023-09-13,19032.4889,14697.9929
2023-09-14,19397.4436,14824.7248
2023-09-15,19193.4130,14646.1132
2023-09-18,19207.0808,14654.7008
2023-09-19,19121.3332,14624.3096
2023-09-20,19024.1985,14489.8636
2023-09-21,18936.0061,14250.3696
2023-09-22,18845.1035,14218.3278
2023-09-25,19015.9216,14278.1191
2023-09-26,18766.6805,14068.3549
2023-09-27,18975.3494,14073.9701
2023-09-28,19242.8521,14155.5640
2023-09-29,19068.8465,14121.2091
2023-10-02,18758.2936,14115.5939
2023-10-03,18468.1662,13926.6410
2023-10-04,18345.2653,14028.0541
2023-10-05,18442.7530,14022.7696
2023-10-06,18598.0883,14189.2574
2023-10-09,18794.4014,14280.1025
2023-10-10,19005.6932,14354.4264
2023-10-11,19065.6817,14413.2276
2023-10-12,18957.1391,14325.3560
2023-10-13,18904.9193,14254.0035
2023-10-16,19127.1077,14403.9764
2023-10-17,19328.3756,14403.3160
2023-10-18,19085.8738,14211.3907
2023-10-19,18831.7743,14086.5245
2023-10-20,18651.4319,13913.4272
2023-10-23,18394.4374,13889.3127
2023-10-24,18493.8755,13994.0299
2023-10-25,18407.4323,13793.1841
2023-10-26,18503.2773,13628.0172
2023-10-27,18284.7676,13566.2435
2023-10-30,18380.5606,13728.4390
2023-10-31,18560.9547,13814.6590
2023-11-01,18675.6573,13961.9871
2023-11-02,19285.4626,14229.5613
2023-11-03,19616.3537,14359.3822
2023-11-06,19381.3902,14392.4152
2023-11-07,19181.8977,14433.3765
2023-11-08,18864.6198,14443.9455
2023-11-09,18894.0137,14331.3009
2023-11-10,19093.7491,14554.9404
2023-11-13,19161.5457,14541.0672
2023-11-14,19887.5647,14823.1741
2023-11-15,20049.2580,14854.5555
2023-11-16,19869.2931,14872.7241
2023-11-17,20165.7647,14891.2234
2023-11-20,20397.6448,15005.8482
2023-11-21,20283.9985,14973.1470
2023-11-22,20377.2437,15030.9550
2023-11-24,20548.4253,15040.2031
2023-11-27,20496.9066,15013.1171
2023-11-28,20384.4635,15027.9804
2023-11-29,20543.4606,15017.4094
2023-11-30,20704.3274,15076.5403
2023-12-01,21293.8153,15165.7317
2023-12-04,21419.6557,15086.1212
2023-12-05,21026.0300,15083.1477
2023-12-06,20826.1215,15022.3662
2023-12-07,20952.7329,15136.9941
2023-12-08,21102.6746,15202.0699
2023-12-11,21442.0398,15261.1988
2023-12-12,21243.6374,15330.8997
2023-12-13,21969.3421,15542.3145
2023-12-14,22533.3927,15592.1941
2023-12-15,22628.2198,15566.5237
2023-12-18,22660.0547,15654.0864
2023-12-19,23094.6045,15749.2758
2023-12-20,22683.2914,15531.0351
2023-12-21,23001.7159,15678.2987
2023-12-22,23095.4022,15709.8080
2023-12-26,23293.7823,15776.1423
2023-12-27,23297.6071,15804.6677
2023-12-28,23189.7303,15810.6365
2023-12-29,22956.4098,15764.8640
2024-01-02,22860.8231,15676.6377
2024-01-03,22438.0206,15548.6140
2024-01-04,22343.5905,15498.5305
2024-01-05,22382.3986,15519.7579
2024-01-08,22561.2408,15741.3173
2024-01-09,22362.9830,15717.4357
2024-01-10,22296.4030,15806.3255
2024-01-11,22261.8376,15799.3603
2024-01-12,22346.0530,15810.3037
2024-01-16,22040.3155,15752.2628
2024-01-17,21900.4229,15664.7001
2024-01-18,22113.2035,15804.0031
2024-01-19,22290.5595,16001.0205
2024-01-22,22530.8598,16034.8481
2024-01-23,22556.8865,16081.6149
2024-01-24,22649.1909,16099.1948
2024-01-25,22851.1215,16186.7565
2024-01-26,22870.8088,16166.1926
2024-01-29,23014.9662,16294.2195
2024-01-30,23090.7657,16281.6182
2024-01-31,22654.6025,16015.9441
2024-02-01,22953.8100,16225.5638
2024-02-02,22987.8696,16396.3772
2024-02-05,22767.1261,16336.6732
2024-02-06,22896.6952,16384.1025
2024-02-07,22955.7406,16520.7534
2024-02-08,23173.9734,16528.0525
2024-02-09,23347.9330,16623.5726
2024-02-12,23648.0463,16616.2767
2024-02-13,22971.4007,16387.4192
2024-02-14,23194.4928,16536.3448
2024-02-15,23571.6354,16650.4402
2024-02-16,23496.1490,16567.5202
2024-02-20,23308.9274,16476.3091
2024-02-21,23354.3265,16491.2348
2024-02-22,23665.5389,16832.5287
2024-02-23,23727.9638,16844.1377
2024-02-26,23662.5836,16782.4462
2024-02-27,23932.4204,16813.6227
2024-02-28,23737.9841,16791.4010
2024-02-29,23944.9367,16851.7655
2024-03-01,24266.6531,17009.9724
2024-03-04,24375.1187,16991.7341
2024-03-05,24424.0015,16821.9150
2024-03-06,24505.3270,16907.1563
2024-03-07,24816.3913,17074.9837
2024-03-08,24758.7105,16972.4974
2024-03-11,24808.1992,16957.9024
2024-03-12,24999.2854,17140.3258
2024-03-13,25207.7224,17113.4572
2024-03-14,25079.5067,17079.6265
2024-03-15,25127.8818,16962.3475
2024-03-18,25256.4788,17063.1573
2024-03-19,25372.2599,17157.9796
2024-03-20,25798.1811,17316.6785
2024-03-21,26054.7255,17373.9071
2024-03-22,25868.5168,17340.9688
2024-03-25,25815.5247,17293.0569
2024-03-26,25608.3094,17261.1191
2024-03-27,26021.5480,17406.1767
2024-03-28,26167.3461,17402.8496
2024-04-01,26174.9013,17372.5759
2024-04-02,25877.2509,17262.1176
2024-04-03,26245.8396,17281.0787
2024-04-04,26001.1881,17070.1444
2024-04-05,26159.1604,17248.4732
2024-04-08,26431.1617,17258.1258
2024-04-09,26340.9815,17278.0865
2024-04-10,26022.6385,17105.0796
2024-04-11,25968.2362,17234.1694
2024-04-12,25577.7444,16996.2843
2024-04-15,25314.0765,16783.3532
2024-04-16,25224.5089,16752.7435
2024-04-17,24965.0438,16653.5967
2024-04-18,25018.3708,16619.3292
2024-04-19,25321.3788,16474.2685
2024-04-22,25526.6270,16625.9834
2024-04-23,25791.2873,16823.2775
2024-04-24,25751.1362,16815.2920
2024-04-25,25672.5400,16751.4122
2024-04-26,25698.9112,16910.1142
2024-04-29,25865.7332,16970.0023
2024-04-30,25395.6719,16701.1748
2024-05-01,25100.6483,16646.9446
2024-05-02,25392.3368,16802.6502
2024-05-03,25558.4069,17010.9251
2024-05-06,25761.2407,17186.5924
2024-05-07,25716.8210,17205.5587
2024-05-08,25745.3477,17207.2186
2024-05-09,25936.3528,17306.3654
2024-05-10,25662.7879,17328.6598
2024-05-13,25751.4853,17330.9843
2024-05-14,26003.9674,17410.5012
2024-05-15,25928.4976,17626.0939
2024-05-16,25996.8077,17589.8337
2024-05-17,26119.3783,17615.1193
2024-05-20,26102.3603,17635.4127
2024-05-21,26137.2429,17678.6642
2024-05-22,26047.1952,17627.7621
2024-05-23,25768.1046,17499.0042
2024-05-24,25926.7825,17614.7823
2024-05-28,26073.5026,17627.0965
2024-05-29,25733.3141,17503.6594
2024-05-30,25798.9930,17387.5453
2024-05-31,26063.9668,17545.9124
2024-06-03,25964.8023,17560.2214
2024-06-04,25497.4293,17579.8533
2024-06-05,25740.0152,17788.7887
2024-06-06,25595.4125,17788.4600
2024-06-07,25573.6775,17766.8312
2024-06-10,25986.7967,17821.7270
2024-06-11,25857.1304,17864.6456
2024-06-12,26039.4582,18011.3694
2024-06-13,25846.5034,18047.6338
2024-06-14,25533.4245,18058.6188
2024-06-17,25813.7348,18202.3431
2024-06-18,25934.8432,18248.5919
2024-06-20,26010.9139,18199.0170
2024-06-21,25889.2704,18174.6195
2024-06-24,26185.2882,18115.5344
2024-06-25,26118.0663,18185.3008
2024-06-26,26067.3642,18207.9968
2024-06-27,26005.3942,18236.7000
2024-06-28,26105.9529,18164.9388
2024-07-01,26079.7666,18202.3223
2024-07-02,26131.3192,18324.8192
2024-07-03,26239.3868,18406.5940
2024-07-05,25936.0916,18512.7372
2024-07-08,26006.8332,18534.0998
2024-07-09,25933.5607,18552.1238
2024-07-10,26224.7291,18735.7006
2024-07-11,26910.7495,18574.1520
2024-07-12,27190.0558,18691.3093
2024-07-15,27514.1128,18742.7106
2024-07-16,28098.5468,18853.8584
2024-07-17,28252.0434,18589.5052
2024-07-18,27990.2866,18446.6483
2024-07-19,27696.2817,18324.1514
2024-07-22,27789.9015,18513.0700
2024-07-23,27796.7055,18484.0339
2024-07-24,27510.7003,18065.1378
2024-07-25,27856.8469,17971.0114
2024-07-26,28348.1133,18172.2815
2024-07-29,28021.7529,18182.9607
2024-07-30,28110.8070,18090.8416
2024-07-31,28230.3498,18384.9027
2024-08-01,27363.5482,18124.5516
2024-08-02,26304.5330,17787.0996
2024-08-05,25581.2302,17269.0755
2024-08-06,25805.1977,17428.2871
2024-08-07,25713.0637,17311.7986
2024-08-08,26554.3812,17712.0019
2024-08-09,26448.6261,17790.1054
2024-08-12,26206.8140,17799.4512
2024-08-13,26481.3358,18092.1749
2024-08-14,26431.3751,18149.2507
2024-08-15,27059.6096,18460.3333
2024-08-16,27357.5452,18501.7189
2024-08-19,27575.7722,18678.6249
2024-08-20,27148.2347,18648.2513
2024-08-21,27374.6398,18712.3370
2024-08-22,27183.0366,18565.4718
2024-08-23,27936.6971,18762.7357
2024-08-26,27975.8737,18718.0094
2024-08-27,27894.2004,18743.7132
2024-08-28,27745.7409,18634.8992
2024-08-29,27936.5826,18636.5674
2024-08-30,28066.5813,18814.4718
2024-09-03,27389.0238,18427.2889
2024-09-04,27315.9544,18389.5726
2024-09-05,27177.5156,18344.8442
2024-09-06,26770.8274,18036.0976
2024-09-09,26700.8950,18238.0354
2024-09-10,26603.2107,18317.4764
2024-09-11,26573.7659,18505.3923
2024-09-12,26879.1592,18661.2706
2024-09-13,27526.4516,18758.7335
2024-09-16,27437.5975,18786.4363
2024-09-17,27677.2723,18794.1097
2024-09-18,27716.2768,18738.3736
2024-09-19,28264.4015,19058.1323
2024-09-20,27919.3411,19025.1877
2024-09-23,28007.5253,19072.7262
2024-09-24,28238.1888,19127.2996
2024-09-25,27843.7070,19085.1173
2024-09-26,28269.5452,19160.7829
2024-09-27,28536.5774,19132.9928
2024-09-30,28448.7620,19209.6631
2024-10-01,28455.4086,19037.5767
2024-10-02,28381.7020,19045.6080
2024-10-03,28342.7976,19010.7913
2024-10-04,28690.2190,19183.5475
2024-10-07,28590.5686,19010.1195
2024-10-08,28351.5221,19189.9085
2024-10-09,28462.8212,19322.8287
2024-10-10,28567.0992,19289.0126
2024-10-11,28897.9745,19404.5183
2024-10-14,28932.3991,19563.2130
2024-10-15,28477.1521,19411.2141
2024-10-16,28756.2624,19495.5870
2024-10-17,28829.3218,19497.2573
2024-10-18,28741.3124,19572.2552
2024-10-21,28354.6584,19540.1135
2024-10-22,28295.5143,19529.7338
2024-10-23,27985.9574,19351.2823
2024-10-24,28122.6654,19393.1360
2024-10-25,28073.0732,19386.4401
2024-10-28,28356.3906,19446.3698
2024-10-29,28026.9657,19477.8417
2024-10-30,27964.1799,19418.9146
2024-10-31,27842.2878,19038.2444
2024-11-01,27624.2056,19118.5965
2024-11-04,27777.7056,19077.4147
2024-11-05,28290.6709,19308.0954
2024-11-06,29894.8201,19788.2046
2024-11-07,29670.6662,19941.2102
2024-11-08,29588.1331,20027.5862
2024-11-11,30025.1184,20046.6711
2024-11-12,29556.8070,19984.3972
2024-11-13,29643.7022,19994.1071
2024-11-14,29481.3669,19865.5405
2024-11-15,29365.1741,19611.0927
2024-11-18,29575.5875,19691.4447
2024-11-19,29223.6759,19763.4285
2024-11-20,29230.4021,19770.1244
2024-11-21,29662.0228,19876.2551
2024-11-22,30025.7879,19937.8592
2024-11-25,30311.0819,20005.4915
2024-11-26,29746.7382,20109.9497
2024-11-27,29788.6656,20049.0154
2024-11-29,29936.8499,20173.5591
2024-12-02,30027.1238,20209.7195
2024-12-03,29816.8663,20219.0945
2024-12-04,29809.1706,20344.6450
2024-12-05,29467.3610,20311.1658
2024-12-06,29055.1209,20349.6663
2024-12-09,29267.4717,20244.8752
2024-12-10,29077.2583,20181.9315
2024-12-11,29051.4982,20337.9512
2024-12-12,28705.0025,20233.1580
2024-12-13,28641.9535,20229.1372
2024-12-16,28285.0771,20315.5174
2024-12-17,27926.7812,20231.8164
2024-12-18,27043.4770,19628.8380
2024-12-19,26745.0977,19622.8098
2024-12-20,26969.3266,19858.4993
2024-12-23,26999.4073,19977.4185
2024-12-24,27163.2681,20199.4646
2024-12-26,27194.2148,20200.8146
2024-12-27,26940.6930,19988.1684
2024-12-30,26797.1253,19760.0713
2024-12-31,27014.8235,19688.1831
